{
  "generated_at": "2026-02-26 13:35:34",
  "portfolio": {
    "total_assets_rmb": 116588.0,
    "cash_rmb": 74952.0,
    "market_value_rmb": 41636.0,
    "today_pnl_rmb": -134.000000000003,
    "total_pnl_rmb": 3281.5999999999995,
    "overall_return": 0.08555993575704482
  },
  "holdings": [
    {
      "code": "300203",
      "name": "聚光科技",
      "shares": 800,
      "cost": 15.806,
      "last": 15.91,
      "prev_close": 15.98,
      "market_value": 12728.0,
      "today_pnl": -56.00000000000023,
      "total_pnl": 83.20000000000078,
      "total_return": 0.00657977983044411
    },
    {
      "code": "600759",
      "name": "洲际油气",
      "shares": 2200,
      "cost": 4.502,
      "last": 6.02,
      "prev_close": 5.97,
      "market_value": 13243.999999999998,
      "today_pnl": 109.9999999999996,
      "total_pnl": 3339.5999999999995,
      "total_return": 0.33718347401155047
    },
    {
      "code": "601899",
      "name": "紫金矿业",
      "shares": 400,
      "cost": 39.513,
      "last": 39.16,
      "prev_close": 39.63,
      "market_value": 15663.999999999998,
      "today_pnl": -188.0000000000024,
      "total_pnl": -141.2000000000006,
      "total_return": -0.00893376863310813
    }
  ],
  "overnight": {
    "yahoo": {}
  },
  "risk_tips": [
    "洲际油气 盈利 33.72%，可考虑分批止盈/抬保护线。"
  ],
  "strategy": [
    "当前现金约 ¥74,952.00，持仓市值约 ¥41,636.00。",
    "今天关注：隔夜风险偏好（美股指数/油金/汇率）→ 可能影响A股情绪与板块轮动。",
    "持仓操作：优先控制回撤，其次再加码强势方向（不做单日梭哈）。",
    "候选关注（激进取向）：电网/贵金属/石油方向里，优先选择趋势更强、成交更活跃、消息催化更明确的标的。"
  ]
}