{
  "generated_at": "2026-03-06 13:03:12",
  "portfolio": {
    "total_assets_rmb": 116588.0,
    "cash_rmb": 72008.0,
    "market_value_rmb": 44580.0,
    "today_pnl_rmb": -1452.0,
    "total_pnl_rmb": 6225.6,
    "overall_return": 0.16231775233089296
  },
  "holdings": [
    {
      "code": "300203",
      "name": "聚光科技",
      "shares": 800,
      "cost": 15.806,
      "last": 14.89,
      "prev_close": 14.78,
      "market_value": 11912.0,
      "today_pnl": 88.00000000000097,
      "total_pnl": -732.7999999999988,
      "total_return": -0.05795267619891176
    },
    {
      "code": "600759",
      "name": "洲际油气",
      "shares": 2200,
      "cost": 4.502,
      "last": 8.1,
      "prev_close": 8.7,
      "market_value": 17820.0,
      "today_pnl": -1319.9999999999993,
      "total_pnl": 7915.599999999999,
      "total_return": 0.799200355397601
    },
    {
      "code": "601899",
      "name": "紫金矿业",
      "shares": 400,
      "cost": 39.513,
      "last": 37.12,
      "prev_close": 37.67,
      "market_value": 14847.999999999998,
      "today_pnl": -220.0000000000017,
      "total_pnl": -957.2000000000003,
      "total_return": -0.06056234656948345
    }
  ],
  "overnight": {
    "yahoo": {}
  },
  "risk_tips": [
    "洲际油气 盈利 79.92%，可考虑分批止盈/抬保护线。"
  ],
  "strategy": [
    "当前现金约 ¥72,008.00，持仓市值约 ¥44,580.00。",
    "今天关注：隔夜风险偏好（美股指数/油金/汇率）→ 可能影响A股情绪与板块轮动。",
    "持仓操作：优先控制回撤，其次再加码强势方向（不做单日梭哈）。",
    "候选关注（激进取向）：电网/贵金属/石油方向里，优先选择趋势更强、成交更活跃、消息催化更明确的标的。"
  ]
}