{
  "generated_at": "2026-03-05 13:13:25",
  "portfolio": {
    "total_assets_rmb": 116588.0,
    "cash_rmb": 70406.0,
    "market_value_rmb": 46182.0,
    "today_pnl_rmb": 930.0000000000008,
    "total_pnl_rmb": 7827.600000000002,
    "overall_return": 0.2040861022464177
  },
  "holdings": [
    {
      "code": "300203",
      "name": "聚光科技",
      "shares": 800,
      "cost": 15.806,
      "last": 14.82,
      "prev_close": 14.87,
      "market_value": 11856.0,
      "today_pnl": -39.99999999999915,
      "total_pnl": -788.799999999999,
      "total_return": -0.062381374161710634
    },
    {
      "code": "600759",
      "name": "洲际油气",
      "shares": 2200,
      "cost": 4.502,
      "last": 8.73,
      "prev_close": 8.26,
      "market_value": 19206.0,
      "today_pnl": 1034.0000000000014,
      "total_pnl": 9301.600000000002,
      "total_return": 0.9391381608174147
    },
    {
      "code": "601899",
      "name": "紫金矿业",
      "shares": 400,
      "cost": 39.513,
      "last": 37.8,
      "prev_close": 37.96,
      "market_value": 15119.999999999998,
      "today_pnl": -64.00000000000148,
      "total_pnl": -685.2000000000004,
      "total_return": -0.043352820590691676
    }
  ],
  "overnight": {
    "yahoo": {}
  },
  "risk_tips": [
    "洲际油气 盈利 93.91%，可考虑分批止盈/抬保护线。"
  ],
  "strategy": [
    "当前现金约 ¥70,406.00，持仓市值约 ¥46,182.00。",
    "今天关注：隔夜风险偏好（美股指数/油金/汇率）→ 可能影响A股情绪与板块轮动。",
    "持仓操作：优先控制回撤，其次再加码强势方向（不做单日梭哈）。",
    "候选关注（激进取向）：电网/贵金属/石油方向里，优先选择趋势更强、成交更活跃、消息催化更明确的标的。"
  ]
}