{
  "generated_at": "2026-03-04 13:01:48",
  "portfolio": {
    "total_assets_rmb": 116588.0,
    "cash_rmb": 71356.0,
    "market_value_rmb": 45232.0,
    "today_pnl_rmb": 1078.0,
    "total_pnl_rmb": 6877.600000000001,
    "overall_return": 0.17931710572972076
  },
  "holdings": [
    {
      "code": "300203",
      "name": "聚光科技",
      "shares": 800,
      "cost": 15.806,
      "last": 14.75,
      "prev_close": 15.11,
      "market_value": 11800.0,
      "today_pnl": -287.99999999999955,
      "total_pnl": -844.7999999999993,
      "total_return": -0.06681007212450962
    },
    {
      "code": "600759",
      "name": "洲际油气",
      "shares": 2200,
      "cost": 4.502,
      "last": 8.26,
      "prev_close": 7.51,
      "market_value": 18172.0,
      "today_pnl": 1650.0,
      "total_pnl": 8267.6,
      "total_return": 0.8347401155042204
    },
    {
      "code": "601899",
      "name": "紫金矿业",
      "shares": 400,
      "cost": 39.513,
      "last": 38.15,
      "prev_close": 38.86,
      "market_value": 15260.0,
      "today_pnl": -284.00000000000034,
      "total_pnl": -545.1999999999998,
      "total_return": -0.034494976336901795
    }
  ],
  "overnight": {
    "yahoo": {}
  },
  "risk_tips": [
    "洲际油气 盈利 83.47%，可考虑分批止盈/抬保护线。"
  ],
  "strategy": [
    "当前现金约 ¥71,356.00，持仓市值约 ¥45,232.00。",
    "今天关注：隔夜风险偏好（美股指数/油金/汇率）→ 可能影响A股情绪与板块轮动。",
    "持仓操作：优先控制回撤，其次再加码强势方向（不做单日梭哈）。",
    "候选关注（激进取向）：电网/贵金属/石油方向里，优先选择趋势更强、成交更活跃、消息催化更明确的标的。"
  ]
}