{
  "generated_at": "2026-02-25 17:28:06",
  "portfolio": {
    "total_assets_rmb": 116588.0,
    "cash_rmb": 74818.0,
    "market_value_rmb": 41770.0,
    "today_pnl_rmb": 1208.0000000000018,
    "total_pnl_rmb": 3415.600000000003,
    "overall_return": 0.0890536678972948
  },
  "holdings": [
    {
      "code": "300203",
      "name": "聚光科技",
      "shares": 800,
      "cost": 15.806,
      "last": 15.98,
      "prev_close": 16.11,
      "market_value": 12784.0,
      "today_pnl": -103.9999999999992,
      "total_pnl": 139.200000000001,
      "total_return": 0.011008477793243099
    },
    {
      "code": "600759",
      "name": "洲际油气",
      "shares": 2200,
      "cost": 4.502,
      "last": 5.97,
      "prev_close": 5.43,
      "market_value": 13134.0,
      "today_pnl": 1188.0,
      "total_pnl": 3229.6,
      "total_return": 0.3260772989782319
    },
    {
      "code": "601899",
      "name": "紫金矿业",
      "shares": 400,
      "cost": 39.513,
      "last": 39.63,
      "prev_close": 39.32,
      "market_value": 15852.000000000002,
      "today_pnl": 124.00000000000091,
      "total_pnl": 46.80000000000177,
      "total_return": 0.002961050793409914
    }
  ],
  "overnight": {
    "yahoo": {}
  },
  "risk_tips": [
    "洲际油气 盈利 32.61%，可考虑分批止盈/抬保护线。"
  ],
  "strategy": [
    "当前现金约 ¥74,818.00，持仓市值约 ¥41,770.00。",
    "今天关注：隔夜风险偏好（美股指数/油金/汇率）→ 可能影响A股情绪与板块轮动。",
    "持仓操作：优先控制回撤，其次再加码强势方向（不做单日梭哈）。",
    "候选关注（激进取向）：电网/贵金属/石油方向里，优先选择趋势更强、成交更活跃、消息催化更明确的标的。"
  ]
}