{
  "generated_at": "2026-02-27 13:18:29",
  "portfolio": {
    "total_assets_rmb": 116588.0,
    "cash_rmb": 74224.0,
    "market_value_rmb": 42364.0,
    "today_pnl_rmb": 414.000000000002,
    "total_pnl_rmb": 4009.600000000002,
    "overall_return": 0.10454080887720843
  },
  "holdings": [
    {
      "code": "300203",
      "name": "聚光科技",
      "shares": 800,
      "cost": 15.806,
      "last": 16.19,
      "prev_close": 16.06,
      "market_value": 12952.000000000002,
      "today_pnl": 104.00000000000205,
      "total_pnl": 307.2000000000017,
      "total_return": 0.024294571681640065
    },
    {
      "code": "600759",
      "name": "洲际油气",
      "shares": 2200,
      "cost": 4.502,
      "last": 6.22,
      "prev_close": 6.07,
      "market_value": 13684.0,
      "today_pnl": 329.9999999999988,
      "total_pnl": 3779.6,
      "total_return": 0.3816081741448245
    },
    {
      "code": "601899",
      "name": "紫金矿业",
      "shares": 400,
      "cost": 39.513,
      "last": 39.32,
      "prev_close": 39.37,
      "market_value": 15728.0,
      "today_pnl": -19.999999999998863,
      "total_pnl": -77.19999999999914,
      "total_return": -0.0048844684028040986
    }
  ],
  "overnight": {
    "yahoo": {}
  },
  "risk_tips": [
    "洲际油气 盈利 38.16%，可考虑分批止盈/抬保护线。"
  ],
  "strategy": [
    "当前现金约 ¥74,224.00，持仓市值约 ¥42,364.00。",
    "今天关注：隔夜风险偏好（美股指数/油金/汇率）→ 可能影响A股情绪与板块轮动。",
    "持仓操作：优先控制回撤，其次再加码强势方向（不做单日梭哈）。",
    "候选关注（激进取向）：电网/贵金属/石油方向里，优先选择趋势更强、成交更活跃、消息催化更明确的标的。"
  ]
}