{
  "generated_at": "2026-03-02 13:18:54",
  "portfolio": {
    "total_assets_rmb": 116588.0,
    "cash_rmb": 73022.0,
    "market_value_rmb": 43566.0,
    "today_pnl_rmb": 1108.0000000000027,
    "total_pnl_rmb": 5211.600000000002,
    "overall_return": 0.1358801076278081
  },
  "holdings": [
    {
      "code": "300203",
      "name": "聚光科技",
      "shares": 800,
      "cost": 15.806,
      "last": 15.66,
      "prev_close": 16.22,
      "market_value": 12528.0,
      "today_pnl": -447.999999999999,
      "total_pnl": -116.79999999999922,
      "total_return": -0.009236998608123437
    },
    {
      "code": "600759",
      "name": "洲际油气",
      "shares": 2200,
      "cost": 4.502,
      "last": 6.83,
      "prev_close": 6.21,
      "market_value": 15026.0,
      "today_pnl": 1364.0000000000002,
      "total_pnl": 5121.6,
      "total_return": 0.5171035095513106
    },
    {
      "code": "601899",
      "name": "紫金矿业",
      "shares": 400,
      "cost": 39.513,
      "last": 40.03,
      "prev_close": 39.55,
      "market_value": 16012.0,
      "today_pnl": 192.0000000000016,
      "total_pnl": 206.8000000000012,
      "total_return": 0.013084301369169715
    }
  ],
  "overnight": {
    "yahoo": {}
  },
  "risk_tips": [
    "洲际油气 盈利 51.71%，可考虑分批止盈/抬保护线。"
  ],
  "strategy": [
    "当前现金约 ¥73,022.00，持仓市值约 ¥43,566.00。",
    "今天关注：隔夜风险偏好（美股指数/油金/汇率）→ 可能影响A股情绪与板块轮动。",
    "持仓操作：优先控制回撤，其次再加码强势方向（不做单日梭哈）。",
    "候选关注（激进取向）：电网/贵金属/石油方向里，优先选择趋势更强、成交更活跃、消息催化更明确的标的。"
  ]
}