{
  "generated_at": "2026-03-03 13:17:18",
  "portfolio": {
    "total_assets_rmb": 116588.0,
    "cash_rmb": 72042.0,
    "market_value_rmb": 44546.0,
    "today_pnl_rmb": 659.9999999999981,
    "total_pnl_rmb": 6191.600000000001,
    "overall_return": 0.16143128298187437
  },
  "holdings": [
    {
      "code": "300203",
      "name": "聚光科技",
      "shares": 800,
      "cost": 15.806,
      "last": 15.38,
      "prev_close": 15.69,
      "market_value": 12304.0,
      "today_pnl": -247.99999999999898,
      "total_pnl": -340.7999999999987,
      "total_return": -0.02695179045931917
    },
    {
      "code": "600759",
      "name": "洲际油气",
      "shares": 2200,
      "cost": 4.502,
      "last": 7.51,
      "prev_close": 6.83,
      "market_value": 16522.0,
      "today_pnl": 1495.9999999999993,
      "total_pnl": 6617.6,
      "total_return": 0.6681474900044424
    },
    {
      "code": "601899",
      "name": "紫金矿业",
      "shares": 400,
      "cost": 39.513,
      "last": 39.3,
      "prev_close": 40.77,
      "market_value": 15719.999999999998,
      "today_pnl": -588.0000000000024,
      "total_pnl": -85.20000000000039,
      "total_return": -0.0053906309315922
    }
  ],
  "overnight": {
    "yahoo": {}
  },
  "risk_tips": [
    "洲际油气 盈利 66.81%，可考虑分批止盈/抬保护线。"
  ],
  "strategy": [
    "当前现金约 ¥72,042.00，持仓市值约 ¥44,546.00。",
    "今天关注：隔夜风险偏好（美股指数/油金/汇率）→ 可能影响A股情绪与板块轮动。",
    "持仓操作：优先控制回撤，其次再加码强势方向（不做单日梭哈）。",
    "候选关注（激进取向）：电网/贵金属/石油方向里，优先选择趋势更强、成交更活跃、消息催化更明确的标的。"
  ]
}